title,link,query
Putusan MAHKAMAH AGUNG Nomor 4466 K/Pdt/2023,https://putusan3.mahkamahagung.go.id/direktori/putusan/zaeedd1ebe5b64a49396313433373430.html,jaminan kredit indonesia
Putusan PN PONTIANAK Nomor 72/Pdt.G/2020/PN Ptk,https://putusan3.mahkamahagung.go.id/direktori/putusan/zaebfa8879122548a66a313634323431.html,jaminan kredit indonesia
Putusan PN PONTIANAK Nomor 72/Pdt.G/2020/PN Ptk,https://putusan3.mahkamahagung.go.id/direktori/putusan/zaef06122365a8f2a55b313732303434.html,jaminan kredit indonesia
Putusan PN MANADO Nomor 1/Pdt.G/2024/PN Mnd,https://putusan3.mahkamahagung.go.id/direktori/putusan/zaef815203907d0c879d313333373531.html,jaminan kredit indonesia
Putusan PN TANGERANG Nomor 283/Pdt.G/2019/PN.Tng,https://putusan3.mahkamahagung.go.id/direktori/putusan/zaed7abc3d5cee42adbd313530303432.html,jaminan kredit indonesia
Putusan PT BANDUNG Nomor 150/PDT/2024/PT BDG,https://putusan3.mahkamahagung.go.id/direktori/putusan/zaeee739ee333f92afab313131373239.html,jaminan kredit indonesia
Putusan PT MEDAN Nomor 530/Pdt/2021/PT MDN,https://putusan3.mahkamahagung.go.id/direktori/putusan/zaec7dca994db7e48390313733363035.html,jaminan kredit indonesia
Putusan PN BANDUNG Nomor 329/Pdt.G/2024/PN Bdg,https://putusan3.mahkamahagung.go.id/direktori/putusan/zaefe851c7b9722cba61313532353431.html,jaminan kredit indonesia
Putusan PN BANDUNG Nomor 268/Pdt.G/2018/PN Bdg,https://putusan3.mahkamahagung.go.id/direktori/putusan/d0c843e198b005a1e54d541692529c14.html,jaminan kredit indonesia
Putusan PT BANTEN Nomor 122/PDT/2022/PT BTN,https://putusan3.mahkamahagung.go.id/direktori/putusan/zaece08bd188d2fa81d0303934363036.html,jaminan kredit indonesia
Putusan PN DOMPU Nomor 7/PDT.G/2014/PN.DPU,https://putusan3.mahkamahagung.go.id/direktori/putusan/bc4490ac6132b154fd6bcbf2062e4bb0.html,jaminan kredit indonesia
Putusan PT BANDA ACEH Nomor 20/PDT/2017/PT BNA,https://putusan3.mahkamahagung.go.id/direktori/putusan/6aaefa2d616c66aef63fe536af35d384.html,jaminan kredit indonesia
Putusan PN BANDA ACEH Nomor 11/Pdt.G/2016/PN Bna,https://putusan3.mahkamahagung.go.id/direktori/putusan/a945389922b07e3a07dc6c497348d4d5.html,jaminan kredit indonesia
Putusan PT BANDUNG Nomor 196/PDT/2025/PT BDG,https://putusan3.mahkamahagung.go.id/direktori/putusan/zaf01a698688e842a916303932313337.html,jaminan kredit indonesia
Putusan PN BANDA ACEH Nomor 8/Pdt.G/2016/PN Bna,https://putusan3.mahkamahagung.go.id/direktori/putusan/095a4bbac3e83e8e24182527616c268e.html,jaminan kredit indonesia
Putusan PN MUARO Nomor 103/Pid.Sus/2018/PN Mrj,https://putusan3.mahkamahagung.go.id/direktori/putusan/32a94ea30c3af1c24967d5c62f510587.html,jaminan kredit indonesia
Putusan MAHKAMAH AGUNG Nomor 368 K/Pdt/2017,https://putusan3.mahkamahagung.go.id/direktori/putusan/91fc49899199ea783db74c8d43f48973.html,jaminan kredit indonesia
Putusan PT PONTIANAK Nomor 4/PDT/2022/PT PTK,https://putusan3.mahkamahagung.go.id/direktori/putusan/zaec898f29c4097a91e6313730303531.html,jaminan kredit indonesia
Putusan PN SERANG Nomor 101/Pdt.G/2022/PN Srg,https://putusan3.mahkamahagung.go.id/direktori/putusan/zaedcf5f179ba4bc9bd2303735383034.html,jaminan kredit indonesia
Putusan PN PONTIANAK Nomor 16/Pid.Sus-TPK/2019/PN Ptk,https://putusan3.mahkamahagung.go.id/direktori/putusan/fe8a48abcbeed63ef4fde35323d2061a.html,jaminan kredit indonesia
